"db","query","phylum","class","order","family"
"ncbi","Bembidion","Arthropoda","Insecta","Coleoptera","Carabidae"
"ncbi","Pterostichus","Arthropoda","Insecta","Coleoptera","Carabidae"
"ncbi","Poecilus","Arthropoda","Insecta","Coleoptera","Carabidae"
"ncbi","Pseudophonus",NA,NA,NA,NA
"ncbi","Calathus","Arthropoda","Insecta","Coleoptera","Carabidae"
"ncbi","Nebria","Arthropoda","Insecta","Coleoptera","Carabidae"
"ncbi","Harpalus","Arthropoda","Insecta","Coleoptera","Carabidae"
"ncbi","Platynus","Arthropoda","Insecta","Coleoptera","Carabidae"
"ncbi","Loricera","Arthropoda","Insecta","Coleoptera","Carabidae"
"ncbi","Ocypus","Arthropoda","Insecta","Coleoptera","Staphylinidae"
"ncbi","Abax","Arthropoda","Insecta","Coleoptera","Carabidae"
"ncbi","Carabus","Arthropoda","Insecta","Coleoptera","Carabidae"
"ncbi","Notiophilus","Arthropoda","Insecta","Coleoptera","Carabidae"
"ncbi","Philonthus","Arthropoda","Insecta","Coleoptera","Staphylinidae"
"ncbi","Dyschirius","Arthropoda","Insecta","Coleoptera","Carabidae"
"ncbi","Gryllus","Arthropoda","Insecta","Orthoptera","Gryllidae"
"ncbi","Nemobius","Arthropoda","Insecta","Orthoptera","Gryllidae"
"ncbi","Aporrectodea","Annelida","Clitellata","Crassiclitellata","Lumbricidae"
"ncbi","Lumbricus","Annelida","Clitellata","Crassiclitellata","Lumbricidae"
"ncbi","Dendrobaena","Annelida","Clitellata","Crassiclitellata","Lumbricidae"
"ncbi","Eisenia","Annelida","Clitellata","Crassiclitellata","Lumbricidae"
"ncbi","Allolobophora","Annelida","Clitellata","Crassiclitellata","Lumbricidae"
"ncbi","Eiseniella","Annelida","Clitellata","Crassiclitellata","Lumbricidae"
"ncbi","Glossoscolex","Annelida","Clitellata","Crassiclitellata","Glossoscolecidae"
"ncbi","Octolasium","Annelida","Clitellata","Crassiclitellata","Lumbricidae"
"ncbi","Megascolex","Annelida","Clitellata","Crassiclitellata","Megascolecidae"
"ncbi","Hemihenlea",NA,NA,NA,NA
"ncbi","Cognettia","Annelida","Clitellata","Enchytraeida","Enchytraeidae"
"ncbi","Achaeta","Annelida","Clitellata","Crassiclitellata","Megascolecidae"
"ncbi","Geophilidae","Arthropoda","Chilopoda","Geophilomorpha","Geophilidae"
"ncbi","Glomeris","Arthropoda","Diplopoda","Glomerida","Glomeridae"
"ncbi","Julidae","Arthropoda","Diplopoda","Julida","Julidae"
"ncbi","Polydesmida","Arthropoda","Diplopoda","Polydesmida",NA
"ncbi","Armadillidium","Arthropoda","Malacostraca","Isopoda","Armadillidiidae"
"ncbi","Burmoniscus","Arthropoda","Malacostraca","Isopoda","Philosciidae"
"ncbi","Cylisticus","Arthropoda","Malacostraca","Isopoda","Cylisticidae"
"ncbi","Oniscus","Arthropoda","Malacostraca","Isopoda","Oniscidae"
"ncbi","Orodillo",NA,NA,NA,NA
"ncbi","Philoscia","Arthropoda","Malacostraca","Isopoda","Philosciidae"
"ncbi","Philosciidae","Arthropoda","Malacostraca","Isopoda","Philosciidae"
"ncbi","Porcellio","Arthropoda","Malacostraca","Isopoda","Porcellionidae"
"ncbi","Porcellionides","Arthropoda","Malacostraca","Isopoda","Porcellionidae"
"ncbi","Spherillo","Arthropoda","Malacostraca","Isopoda","Armadillidae"
"ncbi","Trachelipus","Arthropoda","Malacostraca","Isopoda","Trachelipodidae"
"ncbi","Isopoda","Arthropoda","Malacostraca","Isopoda",NA
"ncbi","Tetranychus","Arthropoda","Arachnida","Trombidiformes","Tetranychidae"
"ncbi","Phytoseiulus","Arthropoda","Arachnida","Mesostigmata","Phytoseiidae"
"ncbi","Pardosa","Arthropoda","Arachnida","Araneae","Lycosidae"
"ncbi","Alopecosa","Arthropoda","Arachnida","Araneae","Lycosidae"
"ncbi","Pirata","Arthropoda","Arachnida","Araneae","Lycosidae"
"ncbi","Pisaura","Arthropoda","Arachnida","Araneae","Pisauridae"
"ncbi","Salticus","Arthropoda","Arachnida","Araneae","Salticidae"
"ncbi","Opiliones","Arthropoda","Arachnida","Opiliones",NA
"ncbi","Trochosa","Arthropoda","Arachnida","Araneae","Lycosidae"
"ncbi","Salticidae","Arthropoda","Arachnida","Araneae","Salticidae"
"ncbi","Lyniphiidae",NA,NA,NA,NA
"ncbi","Tenuiphantes","Arthropoda","Arachnida","Araneae","Linyphiidae"
"ncbi","Lycosa","Arthropoda","Arachnida","Araneae","Lycosidae"
"ncbi","Hogna","Arthropoda","Arachnida","Araneae","Lycosidae"
"ncbi","Phidippus","Arthropoda","Arachnida","Araneae","Salticidae"
"ncbi","Geolycosa","Arthropoda","Arachnida","Araneae","Lycosidae"
"ncbi","Lycosidae","Arthropoda","Arachnida","Araneae","Lycosidae"
"ncbi","Rabidosa","Arthropoda","Arachnida","Araneae","Lycosidae"
"ncbi","Hentzia","Arthropoda","Arachnida","Araneae","Salticidae"
"ncbi","Marpissa","Arthropoda","Arachnida","Araneae","Salticidae"
"ncbi","Misumenoides","Arthropoda","Arachnida","Araneae","Thomisidae"
"ncbi","Misumenops","Arthropoda","Arachnida","Araneae","Thomisidae"
"ncbi","Nephila","Arthropoda","Arachnida","Araneae","Nephilidae"
"ncbi","Pelegrina","Arthropoda","Arachnida","Araneae","Salticidae"
"ncbi","Sarinda","Arthropoda","Arachnida","Araneae","Salticidae"
"ncbi","Schizocosa","Arthropoda","Arachnida","Araneae","Lycosidae"
"ncbi","Thiodana",NA,NA,NA,NA
"ncbi","Xysticus","Arthropoda","Arachnida","Araneae","Thomisidae"
"ncbi","Zygoballus","Arthropoda","Arachnida","Araneae","Salticidae"
"ncbi","Agelenopsis","Arthropoda","Arachnida","Araneae","Agelenidae"
"ncbi","Frontinella","Arthropoda","Arachnida","Araneae","Linyphiidae"
"ncbi","Menemerus","Arthropoda","Arachnida","Araneae","Salticidae"
"ncbi","Phiddipus",NA,NA,NA,NA
"ncbi","Sassacus","Arthropoda","Arachnida","Araneae","Salticidae"
"ncbi","Urozelotes","Arthropoda","Arachnida","Araneae","Gnaphosidae"
"ncbi","Hygrolycosa","Arthropoda","Arachnida","Araneae","Lycosidae"
"ncbi","Neriene","Arthropoda","Arachnida","Araneae","Linyphiidae"
"ncbi","Sosippus","Arthropoda","Arachnida","Araneae","Lycosidae"
"ncbi","Allacma","Arthropoda","Collembola","Symphypleona","Sminthuridae"
"ncbi","Desoria","Arthropoda","Collembola","Entomobryomorpha","Isotomidae"
"ncbi","Dicyrtomina","Arthropoda","Collembola","Symphypleona","Dicyrtomidae"
"ncbi","Folsomia","Arthropoda","Collembola","Entomobryomorpha","Isotomidae"
"ncbi","Isotoma","Arthropoda","Collembola","Entomobryomorpha","Isotomidae"
"ncbi","Isotomiella","Arthropoda","Collembola","Entomobryomorpha","Isotomidae"
"ncbi","Lepidocyrtus","Arthropoda","Collembola","Entomobryomorpha","Entomobryidae"
"ncbi","Neanura","Arthropoda","Collembola","Poduromorpha","Neanuridae"
"ncbi","Orchesella","Arthropoda","Collembola","Entomobryomorpha","Orchesellidae"
"ncbi","Parisotoma","Arthropoda","Collembola","Entomobryomorpha","Isotomidae"
"ncbi","Pogonognathellus","Arthropoda","Collembola","Entomobryomorpha","Tomoceridae"
"ncbi","Protaphorura","Arthropoda","Collembola","Poduromorpha","Onychiuridae"
"ncbi","Sminthurinus","Arthropoda","Collembola","Symphypleona","Katiannidae"
"ncbi","Sminthurus","Arthropoda","Collembola","Symphypleona","Sminthuridae"
"ncbi","Supraphorura","Arthropoda","Collembola","Poduromorpha","Onychiuridae"
"ncbi","Tetrodontophora","Arthropoda","Collembola","Poduromorpha","Onychiuridae"
"ncbi","Tomocerus","Arthropoda","Collembola","Entomobryomorpha","Tomoceridae"
"ncbi","Lithobius","Arthropoda","Chilopoda","Lithobiomorpha","Lithobiidae"
"ncbi","Nothrus","Arthropoda","Arachnida","Sarcoptiformes","Nothridae"
"ncbi","Platynothrus","Arthropoda","Arachnida","Sarcoptiformes","Camisiidae"
"ncbi","Hermannia","Arthropoda","Arachnida","Sarcoptiformes","Hermanniidae"
"ncbi","Trichoniscus","Arthropoda","Malacostraca","Isopoda","Trichoniscidae"
"ncbi","Achipteria","Arthropoda","Arachnida","Sarcoptiformes","Achipteriidae"
"ncbi","Adoristes","Arthropoda","Arachnida","Sarcoptiformes","Liacaridae"
"ncbi","Belba","Arthropoda","Arachnida","Sarcoptiformes","Damaeidae"
"ncbi","Carabodes","Arthropoda","Arachnida","Sarcoptiformes","Carabodidae"
"ncbi","Ceratoppia","Arthropoda","Arachnida","Sarcoptiformes","Ceratoppiidae"
"ncbi","Ceratozetes","Arthropoda","Arachnida","Sarcoptiformes","Ceratozetidae"
"ncbi","Chamobates","Arthropoda","Arachnida","Sarcoptiformes","Chamobatidae"
"ncbi","Damaeus","Arthropoda","Arachnida","Sarcoptiformes","Damaeidae"
"ncbi","Eupterotegaeus","Arthropoda","Arachnida","Sarcoptiformes","Cepheidae"
"ncbi","Euzetes","Arthropoda","Arachnida","Sarcoptiformes","Euzetidae"
"ncbi","Galumna","Arthropoda","Arachnida","Sarcoptiformes","Galumnidae"
"ncbi","Hemileius","Arthropoda","Arachnida","Sarcoptiformes","Hemileiidae"
"ncbi","Hypochthonius","Arthropoda","Arachnida","Sarcoptiformes","Hypochthoniidae"
"ncbi","Liacarus","Arthropoda","Arachnida","Sarcoptiformes","Liacaridae"
"ncbi","Metabelba","Arthropoda","Arachnida","Sarcoptiformes","Damaeidae"
"ncbi","Nanhermannia","Arthropoda","Arachnida","Sarcoptiformes","Nanhermanniidae"
"ncbi","Oppia","Arthropoda","Arachnida","Sarcoptiformes","Oppiidae"
"ncbi","Oribatella","Arthropoda","Arachnida","Sarcoptiformes","Oribatellidae"
"ncbi","Parachipteria","Arthropoda","Arachnida","Sarcoptiformes","Achipteriidae"
"ncbi","Phthiracarus","Arthropoda","Arachnida","Sarcoptiformes","Phthiracaridae"
"ncbi","Pilogalumna","Arthropoda","Arachnida","Sarcoptiformes","Galumnidae"
"ncbi","Punctoribates","Arthropoda","Arachnida","Sarcoptiformes","Punctoribatidae"
"ncbi","Rhysotritia","Arthropoda","Arachnida","Sarcoptiformes","Euphthiracaridae"
"ncbi","Scheloribates","Arthropoda","Arachnida","Sarcoptiformes","Scheloribatidae"
"ncbi","Steganacarus","Arthropoda","Arachnida","Sarcoptiformes","Steganacaridae"
"ncbi","Tectocepheus","Arthropoda","Arachnida","Sarcoptiformes","Tectocepheidae"
"ncbi","Xenillus","Arthropoda","Arachnida","Sarcoptiformes","Xenillidae"
"ncbi","Gomphiocephalus","Arthropoda","Collembola","Poduromorpha","Hypogastruridae"
"ncbi","unknown",NA,NA,NA,NA
"ncbi","Species",NA,NA,NA,NA
"ncbi","Anax","Arthropoda","Insecta","Odonata","Aeshnidae"
"ncbi","Brachymesia","Arthropoda","Insecta","Odonata","Libellulidae"
"ncbi","Erythemis","Arthropoda","Insecta","Odonata","Libellulidae"
"ncbi","Erythrodiplax","Arthropoda","Insecta","Odonata","Libellulidae"
"ncbi","Libellula","Arthropoda","Insecta","Odonata","Libellulidae"
"ncbi","Miathyria","Arthropoda","Insecta","Odonata","Libellulidae"
"ncbi","Pachydiplax","Arthropoda","Insecta","Odonata","Libellulidae"
"ncbi","Pantala","Arthropoda","Insecta","Odonata","Libellulidae"
"ncbi","Perithemis","Arthropoda","Insecta","Odonata","Libellulidae"
"ncbi","Tramea","Arthropoda","Insecta","Odonata","Libellulidae"
"ncbi","Coptotermes","Arthropoda","Insecta","Blattodea","Rhinotermitidae"
"ncbi","Heterotermes","Arthropoda","Insecta","Blattodea","Rhinotermitidae"
"ncbi","Reticulitermes","Arthropoda","Insecta","Blattodea","Rhinotermitidae"
"ncbi","Schedorhinotermes","Arthropoda","Insecta","Blattodea","Rhinotermitidae"
"ncbi","Labritermes","Arthropoda","Insecta","Blattodea","Termitidae"
"ncbi","Dicuspiditermes","Arthropoda","Insecta","Blattodea","Termitidae"
"ncbi","Homallotermes","Arthropoda","Insecta","Blattodea","Termitidae"
"ncbi","Pericapritermes","Arthropoda","Insecta","Blattodea","Termitidae"
"ncbi","Procapritermes","Arthropoda","Insecta","Blattodea","Termitidae"
"ncbi","Syncapritermes","Arthropoda","Insecta","Blattodea","Termitidae"
"ncbi","Termes","Arthropoda","Insecta","Blattodea","Termitidae"
"ncbi","Globitermes","Arthropoda","Insecta","Blattodea","Termitidae"
"ncbi","Prohamitermes","Arthropoda","Insecta","Blattodea","Termitidae"
"ncbi","Aciculioiditermes",NA,NA,NA,NA
"ncbi","Bulbitermes","Arthropoda","Insecta","Blattodea","Termitidae"
"ncbi","Havilanditermes","Arthropoda","Insecta","Blattodea","Termitidae"
"ncbi","Hospitalitermes","Arthropoda","Insecta","Blattodea","Termitidae"
"ncbi","Nasutitermes","Arthropoda","Insecta","Blattodea","Termitidae"
"ncbi","Proaciculitermes",NA,NA,NA,NA
"ncbi","Hypotermes","Arthropoda","Insecta","Blattodea","Termitidae"
"ncbi","Macrotermes","Arthropoda","Insecta","Blattodea","Termitidae"
"ncbi","Microcerotermes","Arthropoda","Insecta","Blattodea","Termitidae"
"ncbi","Blatta","Arthropoda","Insecta","Blattodea","Blattidae"
"ncbi","Eublaberus","Arthropoda","Insecta","Blattodea","Blaberidae"
"ncbi","Periplaneta","Arthropoda","Insecta","Blattodea","Blattidae"
"ncbi","Blatella","Arthropoda","Insecta","Blattodea","Ectobiidae"
"ncbi","Byrsotria","Arthropoda","Insecta","Blattodea","Blaberidae"
"ncbi","Gromphadorhina","Arthropoda","Insecta","Blattodea","Blaberidae"
"ncbi","Parcoblatta","Arthropoda","Insecta","Blattodea","Ectobiidae"
"ncbi","Blaberus","Arthropoda","Insecta","Blattodea","Blaberidae"
"ncbi","Leucophaea","Arthropoda","Insecta","Blattodea","Blaberidae"
"ncbi","Nauphoeta","Arthropoda","Insecta","Blattodea","Blaberidae"
"ncbi","Perisphaeria","Arthropoda","Insecta","Blattodea","Blaberidae"
"ncbi","Sphodromantis","Arthropoda","Insecta","Mantodea","Mantidae"
"ncbi","Karoophasma","Arthropoda","Insecta","Mantophasmatodea","Austrophasmatidae"
"ncbi","Oecanthus","Arthropoda","Insecta","Orthoptera","Gryllidae"
"ncbi","Enyaliopsis","Arthropoda","Insecta","Orthoptera","Tettigoniidae"
"ncbi","Eugaster","Arthropoda","Insecta","Orthoptera","Tettigoniidae"
"ncbi","Hoplosphyrum","Arthropoda","Insecta","Orthoptera","Mogoplistidae"
"ncbi","Pteronemobius","Arthropoda","Insecta","Orthoptera","Gryllidae"
"ncbi","Acheta","Arthropoda","Insecta","Orthoptera","Gryllidae"
"ncbi","Teleogryllus","Arthropoda","Insecta","Orthoptera","Gryllidae"
"ncbi","Anurogryllus","Arthropoda","Insecta","Orthoptera","Gryllidae"
"ncbi","Ceuthophilus","Arthropoda","Insecta","Orthoptera","Rhaphidophoridae"
"ncbi","Gryllotalpa","Arthropoda","Insecta","Orthoptera","Gryllotalpidae"
"ncbi","Conocephalus","Arthropoda","Insecta","Orthoptera","Tettigoniidae"
"ncbi","Euconocephalus","Arthropoda","Insecta","Orthoptera","Tettigoniidae"
"ncbi","Insara","Arthropoda","Insecta","Orthoptera","Tettigoniidae"
"ncbi","Neoconocephalus","Arthropoda","Insecta","Orthoptera","Tettigoniidae"
"ncbi","Requena","Arthropoda","Insecta","Orthoptera","Tettigoniidae"
"ncbi","Anconia","Arthropoda","Insecta","Orthoptera","Acrididae"
"ncbi","Bootettix","Arthropoda","Insecta","Orthoptera","Acrididae"
"ncbi","Encoptolophus","Arthropoda","Insecta","Orthoptera","Acrididae"
"ncbi","Locusta","Arthropoda","Insecta","Orthoptera","Acrididae"
"ncbi","Melanoplus","Arthropoda","Insecta","Orthoptera","Acrididae"
"ncbi","Oedalis",NA,NA,NA,NA
"ncbi","Romalea","Arthropoda","Insecta","Orthoptera","Romaleidae"
"ncbi","Taeniopoda","Arthropoda","Insecta","Orthoptera","Romaleidae"
"ncbi","Trimerotropis","Arthropoda","Insecta","Orthoptera","Acrididae"
"ncbi","Xanthippus","Arthropoda","Insecta","Orthoptera","Acrididae"
"ncbi","Tanaocerus","Arthropoda","Insecta","Orthoptera","Pneumoridae"
"ncbi","Xiphoceriana",NA,NA,NA,NA
"ncbi","Euborellia","Arthropoda","Insecta","Dermaptera","Anisolabididae"
"ncbi","Unknown",NA,NA,NA,NA
"ncbi","Pseudococcus","Arthropoda","Insecta","Hemiptera","Pseudococcidae"
"ncbi","Neophilaenus","Arthropoda","Insecta","Hemiptera","Aphrophoridae"
"ncbi","Philaenus","Arthropoda","Insecta","Hemiptera","Aphrophoridae"
"ncbi","Cystosoma","Arthropoda","Insecta","Hemiptera","Cicadidae"
"ncbi","Diceroprocta","Arthropoda","Insecta","Hemiptera","Cicadidae"
"ncbi","Fidicina","Arthropoda","Insecta","Hemiptera","Cicadidae"
"ncbi","Multareoides","Arthropoda","Insecta","Hemiptera","Membracidae"
"ncbi","Hysteropterum","Arthropoda","Insecta","Hemiptera","Issidae"
"ncbi","Phytocoris","Arthropoda","Insecta","Hemiptera","Miridae"
"ncbi","Slaterocoris","Arthropoda","Insecta","Hemiptera","Miridae"
"ncbi","Rhodnius","Arthropoda","Insecta","Hemiptera","Reduviidae"
"ncbi","Dendrocoris","Arthropoda","Insecta","Hemiptera","Pentatomidae"
"ncbi","Lygus","Arthropoda","Insecta","Hemiptera","Miridae"
"ncbi","Corydalis","Streptophyta","Magnoliopsida","Ranunculales","Papaveraceae"
"ncbi","Saprinus","Arthropoda","Insecta","Coleoptera","Histeridae"
"ncbi","Sphaeridium","Arthropoda","Insecta","Coleoptera","Hydrophilidae"
"ncbi","Popilius","Arthropoda","Insecta","Coleoptera","Passalidae"
"ncbi","Omorgus","Arthropoda","Insecta","Coleoptera","Trogidae"
"ncbi","Geotrupes","Arthropoda","Insecta","Coleoptera","Geotrupidae"
"ncbi","Aphodius","Arthropoda","Insecta","Coleoptera","Scarabaeidae"
"ncbi","Anomala","Arthropoda","Insecta","Coleoptera","Scarabaeidae"
"ncbi","Pelidnota","Arthropoda","Insecta","Coleoptera","Scarabaeidae"
"ncbi","Coelosis","Arthropoda","Insecta","Coleoptera","Scarabaeidae"
"ncbi","Strategus","Arthropoda","Insecta","Coleoptera","Scarabaeidae"
"ncbi","Cyclocephala","Arthropoda","Insecta","Coleoptera","Scarabaeidae"
"ncbi","Dyscinetus","Arthropoda","Insecta","Coleoptera","Scarabaeidae"
"ncbi","Phileurus","Arthropoda","Insecta","Coleoptera","Scarabaeidae"
"ncbi","Sisiyphys",NA,NA,NA,NA
"ncbi","Anachalcos","Arthropoda","Insecta","Coleoptera","Scarabaeidae"
"ncbi","Circellium","Arthropoda","Insecta","Coleoptera","Scarabaeidae"
"ncbi","Pachylomerus","Arthropoda","Insecta","Coleoptera","Scarabaeidae"
"ncbi","Scarabaeus","Arthropoda","Insecta","Coleoptera","Scarabaeidae"
"ncbi","Pleocoma","Arthropoda","Insecta","Coleoptera","Pleocomidae"
"ncbi","Leucocelis","Arthropoda","Insecta","Coleoptera","Scarabaeidae"
"ncbi","Simplocaria","Arthropoda","Insecta","Coleoptera","Byrrhidae"
"ncbi","Agrypnus","Arthropoda","Insecta","Coleoptera","Elateridae"
"ncbi","Rhizopertha",NA,NA,NA,NA
"ncbi","Melyrid",NA,NA,NA,NA
"ncbi","Hippodamia","Arthropoda","Insecta","Coleoptera","Coccinellidae"
"ncbi","Hydromedion",NA,NA,NA,NA
"ncbi","Perimylops",NA,NA,NA,NA
"ncbi","Adesmia","Arthropoda","Insecta","Coleoptera","Tenebrionidae"
"ncbi","Anepsius","Arthropoda","Insecta","Coleoptera","Tenebrionidae"
"ncbi","Centrioptera",NA,NA,NA,NA
"ncbi","Erodius","Arthropoda","Insecta","Coleoptera","Tenebrionidae"
"ncbi","Euschides",NA,NA,NA,NA
"ncbi","Peristeptus",NA,NA,NA,NA
"ncbi","Phrynocolus",NA,NA,NA,NA
"ncbi","Physosterna","Arthropoda","Insecta","Coleoptera","Tenebrionidae"
"ncbi","Physadesmia","Arthropoda","Insecta","Coleoptera","Tenebrionidae"
"ncbi","Sphaeriontis",NA,NA,NA,NA
"ncbi","Blaps","Arthropoda","Insecta","Coleoptera","Tenebrionidae"
"ncbi","Nyctobates",NA,NA,NA,NA
"ncbi","Pterohelaeus","Arthropoda","Insecta","Coleoptera","Tenebrionidae"
"ncbi","Tenebrio","Arthropoda","Insecta","Coleoptera","Tenebrionidae"
"ncbi","Zophobas","Arthropoda","Insecta","Coleoptera","Tenebrionidae"
"ncbi","Tribolium","Arthropoda","Insecta","Coleoptera","Tenebrionidae"
"ncbi","Trogloderus","Arthropoda","Insecta","Coleoptera","Tenebrionidae"
"ncbi","Vieta",NA,NA,NA,NA
"ncbi","Cryptoglossa",NA,NA,NA,NA
"ncbi","Edrotes","Arthropoda","Insecta","Coleoptera","Tenebrionidae"
"ncbi","Pimelia","Arthropoda","Insecta","Coleoptera","Tenebrionidae"
"ncbi","Rhytinota",NA,NA,NA,NA
"ncbi","Triorophus","Arthropoda","Insecta","Coleoptera","Tenebrionidae"
"ncbi","Helius","Arthropoda","Insecta","Diptera","Limoniidae"
"ncbi","Cardiosis",NA,NA,NA,NA
"ncbi","Zophosis","Arthropoda","Insecta","Coleoptera","Tenebrionidae"
"ncbi","Psammodes","Arthropoda","Insecta","Coleoptera","Tenebrionidae"
"ncbi","Epiphysa","Arthropoda","Insecta","Coleoptera","Tenebrionidae"
"ncbi","Onymacris","Arthropoda","Insecta","Coleoptera","Tenebrionidae"
"ncbi","Stenocara","Arthropoda","Insecta","Coleoptera","Tenebrionidae"
"ncbi","Eusattus","Arthropoda","Insecta","Coleoptera","Tenebrionidae"
"ncbi","Eleodes","Arthropoda","Insecta","Coleoptera","Tenebrionidae"
"ncbi","Meloid",NA,NA,NA,NA
"ncbi","Acanthoderes","Arthropoda","Insecta","Coleoptera","Cerambycidae"
"ncbi","Acrocinus","Arthropoda","Insecta","Coleoptera","Cerambycidae"
"ncbi","Dryoctenes","Arthropoda","Insecta","Coleoptera","Cerambycidae"
"ncbi","Oncideres","Arthropoda","Insecta","Coleoptera","Cerambycidae"
"ncbi","Taeinotes",NA,NA,NA,NA
"ncbi","Acanthophorus",NA,NA,NA,NA
"ncbi","Macrodontia","Arthropoda","Insecta","Coleoptera","Cerambycidae"
"ncbi","Stenodontes","Arthropoda","Insecta","Coleoptera","Cerambycidae"
"ncbi","Trachysomus","Arthropoda","Insecta","Coleoptera","Cerambycidae"
"ncbi","Brasilanus",NA,NA,NA,NA
"ncbi","Eburia","Arthropoda","Insecta","Coleoptera","Cerambycidae"
"ncbi","Nyssicus",NA,NA,NA,NA
"ncbi","Phorocantha",NA,NA,NA,NA
"ncbi","Xenambyx",NA,NA,NA,NA
"ncbi","Diplocapsis",NA,NA,NA,NA
"ncbi","Griburius","Arthropoda","Insecta","Coleoptera","Chrysomelidae"
"ncbi","Leptinotarsa","Arthropoda","Insecta","Coleoptera","Chrysomelidae"
"ncbi","Monoxia","Arthropoda","Insecta","Coleoptera","Chrysomelidae"
"ncbi","Smicronyx","Arthropoda","Insecta","Coleoptera","Erirhinidae"
"ncbi","Ectemnorhinus","Arthropoda","Insecta","Coleoptera","Curculionidae"
"ncbi","Ips","Arthropoda","Insecta","Coleoptera","Curculionidae"
"ncbi","Calandra",NA,NA,NA,NA
"ncbi","Sitophilus","Arthropoda","Insecta","Coleoptera","Curculionidae"
"ncbi","Microcerus","Arthropoda","Insecta","Coleoptera","Brentidae"
"ncbi","Ophryastes","Arthropoda","Insecta","Coleoptera","Curculionidae"
"ncbi","Miloderes","Arthropoda","Insecta","Coleoptera","Curculionidae"
"ncbi","Hylobius","Arthropoda","Insecta","Coleoptera","Curculionidae"
"ncbi","Hipporhinus","Arthropoda","Insecta","Coleoptera","Curculionidae"
"ncbi","Eucyllus",NA,NA,NA,NA
"ncbi","Bothrometopus","Arthropoda","Insecta","Coleoptera","Curculionidae"
"ncbi","Palirhoeus","Arthropoda","Insecta","Coleoptera","Curculionidae"
"ncbi","Lixus","Arthropoda","Insecta","Coleoptera","Curculionidae"
"ncbi","Rhynchaenus","Arthropoda","Insecta","Coleoptera","Curculionidae"
"ncbi","Rhytonomus",NA,NA,NA,NA
"ncbi","Hypera","Arthropoda","Insecta","Coleoptera","Curculionidae"
"ncbi","Canonopsis","Arthropoda","Insecta","Coleoptera","Curculionidae"
"ncbi","Cerotalis",NA,NA,NA,NA
"ncbi","Chilanthia",NA,NA,NA,NA
"ncbi","Thermophilum",NA,NA,NA,NA
"ncbi","Triaenogeius",NA,NA,NA,NA
"ncbi","Anthia","Arthropoda","Insecta","Coleoptera","Carabidae"
"ncbi","Cypholoba","Arthropoda","Insecta","Coleoptera","Carabidae"
"ncbi","Amara","Arthropoda","Insecta","Coleoptera","Carabidae"
"ncbi","Evarthrus",NA,NA,NA,NA
"ncbi","Carinum",NA,NA,NA,NA
"ncbi","Crepidogaster","Arthropoda","Insecta","Coleoptera","Carabidae"
"ncbi","Sphaeroderus","Arthropoda","Insecta","Coleoptera","Carabidae"
"ncbi","Calosoma","Arthropoda","Insecta","Coleoptera","Carabidae"
"ncbi","Campalita","Arthropoda","Insecta","Coleoptera","Carabidae"
"ncbi","Cicindela","Arthropoda","Insecta","Coleoptera","Carabidae"
"ncbi","Paractora",NA,NA,NA,NA
"ncbi","Antrops","Arthropoda","Insecta","Diptera","Sphaeroceridae"
"ncbi","Drosophila","Arthropoda","Insecta","Diptera","Drosophilidae"
"ncbi","Glossina","Arthropoda","Insecta","Diptera","Glossinidae"
"ncbi","Musca","Arthropoda","Insecta","Diptera","Muscidae"
"ncbi","Phormia","Arthropoda","Insecta","Diptera","Calliphoridae"
"ncbi","Protophormia","Arthropoda","Insecta","Diptera","Calliphoridae"
"ncbi","Pilica","Arthropoda","Insecta","Diptera","Asilidae"
"ncbi","Promachus","Arthropoda","Insecta","Diptera","Asilidae"
"ncbi","Tabanus","Arthropoda","Insecta","Diptera","Tabanidae"
"ncbi","Pantophthalmus","Arthropoda","Insecta","Diptera","Pantophthalmidae"
"ncbi","Simulium","Arthropoda","Insecta","Diptera","Simuliidae"
"ncbi","Chironomus","Arthropoda","Insecta","Diptera","Chironomidae"
"ncbi","AÃ«des","Arthropoda","Insecta","Diptera","Culicidae"
"ncbi","Culex","Arthropoda","Insecta","Diptera","Culicidae"
"ncbi","Xenopsylla","Arthropoda","Insecta","Siphonaptera","Pulicidae"
"ncbi","Vanessa","Arthropoda","Insecta","Lepidoptera","Nymphalidae"
"ncbi","Thais","Mollusca","Gastropoda","Neogastropoda","Muricidae"
"ncbi","Apetaloides",NA,NA,NA,NA
"ncbi","Hapigia","Arthropoda","Insecta","Lepidoptera","Notodontidae"
"ncbi","Lirimiris","Arthropoda","Insecta","Lepidoptera","Notodontidae"
"ncbi","Mamestra","Arthropoda","Insecta","Lepidoptera","Noctuidae"
"ncbi","Bombyx","Arthropoda","Insecta","Lepidoptera","Bombycidae"
"ncbi","Deilephila","Arthropoda","Insecta","Lepidoptera","Sphingidae"
"ncbi","Xylophanes","Arthropoda","Insecta","Lepidoptera","Sphingidae"
"ncbi","Enyo","Arthropoda","Insecta","Lepidoptera","Sphingidae"
"ncbi","Erinnyis","Arthropoda","Insecta","Lepidoptera","Sphingidae"
"ncbi","Madoryx","Arthropoda","Insecta","Lepidoptera","Sphingidae"
"ncbi","Oryba","Arthropoda","Insecta","Lepidoptera","Sphingidae"
"ncbi","Pachygonia",NA,NA,NA,NA
"ncbi","Pachylia","Arthropoda","Insecta","Lepidoptera","Sphingidae"
"ncbi","Perigonia","Arthropoda","Insecta","Lepidoptera","Sphingidae"
"ncbi","Metopsilus",NA,NA,NA,NA
"ncbi","Mimas","Arthropoda","Insecta","Lepidoptera","Sphingidae"
"ncbi","Protambulyx","Arthropoda","Insecta","Lepidoptera","Sphingidae"
"ncbi","Manduca","Arthropoda","Insecta","Lepidoptera","Sphingidae"
"ncbi","Sphinx","Arthropoda","Insecta","Lepidoptera","Sphingidae"
"ncbi","Adeloneivaia","Arthropoda","Insecta","Lepidoptera","Saturniidae"
"ncbi","Eacles","Arthropoda","Insecta","Lepidoptera","Saturniidae"
"ncbi","Sphingicampa",NA,NA,NA,NA
"ncbi","Syssphinx","Arthropoda","Insecta","Lepidoptera","Saturniidae"
"ncbi","Antheraea","Arthropoda","Insecta","Lepidoptera","Saturniidae"
"ncbi","Automerina","Arthropoda","Insecta","Lepidoptera","Saturniidae"
"ncbi","Automeris","Arthropoda","Insecta","Lepidoptera","Saturniidae"
"ncbi","Dirphea",NA,NA,NA,NA
"ncbi","Hylesia","Arthropoda","Insecta","Lepidoptera","Saturniidae"
"ncbi","Hyperchiria","Arthropoda","Insecta","Lepidoptera","Saturniidae"
"ncbi","Artace","Arthropoda","Insecta","Lepidoptera","Lasiocampidae"
"ncbi","Euglyphis","Arthropoda","Insecta","Lepidoptera","Lasiocampidae"
"ncbi","Odonestis","Arthropoda","Insecta","Lepidoptera","Lasiocampidae"
"ncbi","Galleria","Arthropoda","Insecta","Lepidoptera","Pyralidae"
"ncbi","Ostrinia","Arthropoda","Insecta","Lepidoptera","Crambidae"
"ncbi","Neocossus",NA,NA,NA,NA
"ncbi","Megalopyge","Arthropoda","Insecta","Lepidoptera","Megalopygidae"
"ncbi","Apis","Arthropoda","Insecta","Hymenoptera","Apidae"
"ncbi","Bombus","Arthropoda","Insecta","Hymenoptera","Apidae"
"ncbi","Xylocopa","Arthropoda","Insecta","Hymenoptera","Apidae"
"ncbi","Dasylabris","Arthropoda","Insecta","Hymenoptera","Mutillidae"
"ncbi","Dasymutilla","Arthropoda","Insecta","Hymenoptera","Mutillidae"
"ncbi","Leptothorax","Arthropoda","Insecta","Hymenoptera","Formicidae"
"ncbi","Atta","Arthropoda","Insecta","Hymenoptera","Formicidae"
"ncbi","Myrmica","Arthropoda","Insecta","Hymenoptera","Formicidae"
"ncbi","Pogonomyrmex","Arthropoda","Insecta","Hymenoptera","Formicidae"
"ncbi","Aphaenogaster","Arthropoda","Insecta","Hymenoptera","Formicidae"
"ncbi","Messor","Arthropoda","Insecta","Hymenoptera","Formicidae"
"ncbi","Chelaner",NA,NA,NA,NA
"ncbi","Solenopsis","Arthropoda","Insecta","Hymenoptera","Formicidae"
"ncbi","Tetramorium","Arthropoda","Insecta","Hymenoptera","Formicidae"
"ncbi","Camponotus","Arthropoda","Insecta","Hymenoptera","Formicidae"
"ncbi","Cataglyphis","Arthropoda","Insecta","Hymenoptera","Formicidae"
"ncbi","Formica","Arthropoda","Insecta","Hymenoptera","Formicidae"
"ncbi","Lasius","Arthropoda","Insecta","Hymenoptera","Formicidae"
"ncbi","Forelius","Arthropoda","Insecta","Hymenoptera","Formicidae"
"ncbi","Anoplolepis","Arthropoda","Insecta","Hymenoptera","Formicidae"
"ncbi","Leptogenys","Arthropoda","Insecta","Hymenoptera","Formicidae"
"ncbi","Paraponera","Arthropoda","Insecta","Hymenoptera","Formicidae"
"ncbi","Eciton","Arthropoda","Insecta","Hymenoptera","Formicidae"
"ncbi","Alaskozetes","Arthropoda","Arachnida","Sarcoptiformes","Ameronothridae"
"ncbi","Cryptopygus","Arthropoda","Collembola","Entomobryomorpha","Isotomidae"
"ncbi","Ereynetes",NA,NA,NA,NA
"ncbi","Eupodes","Arthropoda","Arachnida","Trombidiformes","Eupodidae"
"ncbi","Gamasellus","Arthropoda","Arachnida","Mesostigmata","Ologamasidae"
"ncbi","Nanorchestes","Arthropoda","Arachnida","Sarcoptiformes","Nanorchestidae"
"ncbi","Stereotydeus","Arthropoda","Arachnida","Trombidiformes","Penthalodidae"
"ncbi","Tydeus","Arthropoda","Arachnida","Trombidiformes","Tydeidae"
"ncbi","Pergamasus","Arthropoda","Arachnida","Mesostigmata","Parasitidae"
"ncbi","Holoparasitus","Arthropoda","Arachnida","Mesostigmata","Parasitidae"
"ncbi","Geholaspis",NA,NA,NA,NA
"ncbi","Rhodacarus","Arthropoda","Arachnida","Mesostigmata","Rhodacaridae"
"ncbi","Pachylaelaps","Arthropoda","Arachnida","Mesostigmata","Pachylaelapidae"
"ncbi","Eviphis","Arthropoda","Arachnida","Mesostigmata","Eviphididae"
"ncbi","Trachytes","Arthropoda","Arachnida","Mesostigmata","Trachytidae"
"ncbi","Cilliba","Arthropoda","Arachnida","Mesostigmata","Cillibidae"
